scope,method,windows,validation_r2,validation_mae,true_mass_share,support_90,pairwise_score,false_lag_rate,hit_rate,cond,retained_components,explained_variance_share,component_dominance,component_true_loading_share
overall,enter,642.0,0.44404893230617626,0.026297148169322774,0.4229191344426283,7.1526479750778815,0.8386465905157494,0.7861750010114495,0.9992211838006231,1.630054084744622e+113,,,,
overall,pcr,642.0,0.08208619064078428,0.06870527473902292,0.16152117800147206,8.098130841121495,0.588490827275874,0.8714658826808359,0.883177570093458,2.6078577285901954,2.383177570093458,0.9856095417986084,0.1281322231413011,0.11714243074459553
base,enter,310.0,0.9999944771878133,0.0003802970607823729,0.23349663435451976,8.180645161290322,0.6767741935483873,0.8807445421961551,1.0,3.375789427116282e+113,,,,
base,pcr,310.0,0.9920469209236673,0.03789509084778954,0.13852844913243595,8.483870967741936,0.5161290322580647,0.8782759623888655,1.0,3.1444360945689684,1.6,0.9854909738039216,0.10637867489178407,0.09716518805575873
delay,enter,155.0,-1.263141657315217,0.10015009053543136,0.5923485948626092,6.496774193548387,1.0,0.7245950286272866,1.0,7.725678731600374e+16,,,,
delay,pcr,155.0,-2.764606323596374,0.18967479676166077,0.20619699498628138,8.32258064516129,0.9690322580645161,0.890455010938882,1.0,3.0529478430162924,4.032258064516129,0.9736791114192538,0.1562687351028108,0.08028633681256095
mixed,enter,177.0,0.9653564039333428,0.007014762728083719,0.6063056240596713,5.926553672316384,0.9808537350910232,0.6744706956571362,0.9971751412429378,5.582685644543677e+16,,,,
mixed,pcr,177.0,0.981235983403867,0.016732851534353322,0.16266803854811457,7.2259887005649714,0.38198367859384813,0.8429097268080318,0.576271186440678,1.278319529779661,2.310734463276836,0.9962647552853479,0.14159233954421788,0.18440593239998965
