var_omega_threshold,cond_scaled_threshold,balanced_accuracy,recall,specificity,precision,predicted_share
2.4373e-08,2.8007101480983853e+109,0.9338582175188066,0.8779803646563815,0.9897360703812317,0.9889415481832543,0.45376344086021503
