variant,window,lags,series_count,mean_var_omega,mean_acf1,mean_acf2,mean_no_model_share,mean_cond,mean_r2
adj_smoothed,24,3,47,0.0005791792424778545,0.9862229279588607,0.951737662025672,0.0,69.86232885740822,0.9485162901589486
adj_unsmoothed,24,3,47,0.006600939390327567,0.8876598295149137,0.8569615007610037,0.0,3.4524706167408095,0.4059054972576314
raw,24,3,47,0.02360332425133354,0.7300634325899443,0.6187766712408259,0.0,3.389283883341718,0.5029954565598527
