{
  "base": {
    "windows": 310.0,
    "problem_share": 0.9580645161290322,
    "false_stepwise_share": 0.41935483870967744,
    "all_correct_top_b": 0.25483870967741934,
    "all_correct_top_beta": 0.3741935483870968,
    "all_topk_b": 0.25483870967741934,
    "all_topk_beta": 0.3741935483870968,
    "all_pairwise_b": 0.5745161290322581,
    "all_pairwise_beta": 0.6777419354838711,
    "problem_correct_top_b": 0.2255892255892256,
    "problem_correct_top_beta": 0.3468013468013468,
    "problem_topk_b": 0.2255892255892256,
    "problem_topk_beta": 0.3468013468013468,
    "problem_pairwise_b": 0.5562289562289563,
    "problem_pairwise_beta": 0.6636363636363637
  },
  "delay": {
    "windows": 310.0,
    "problem_share": 0.05161290322580645,
    "false_stepwise_share": 0.05161290322580645,
    "all_correct_top_b": 0.7225806451612903,
    "all_correct_top_beta": 0.8096774193548387,
    "all_topk_b": 0.7225806451612903,
    "all_topk_beta": 0.8096774193548387,
    "all_pairwise_b": 0.8887096774193548,
    "all_pairwise_beta": 0.894193548387097,
    "problem_correct_top_b": 0.875,
    "problem_correct_top_beta": 0.875,
    "problem_topk_b": 0.875,
    "problem_topk_beta": 0.875,
    "problem_pairwise_b": 0.9375,
    "problem_pairwise_beta": 0.8875
  },
  "mixed": {
    "windows": 310.0,
    "problem_share": 0.4838709677419355,
    "false_stepwise_share": 0.29354838709677417,
    "all_correct_top_b": 0.9709677419354839,
    "all_correct_top_beta": 0.896774193548387,
    "all_topk_b": 0.8080645161290323,
    "all_topk_beta": 0.8790322580645161,
    "all_pairwise_b": 0.864336917562724,
    "all_pairwise_beta": 0.8566308243727598,
    "problem_correct_top_b": 0.94,
    "problem_correct_top_beta": 0.7866666666666666,
    "problem_topk_b": 0.6233333333333333,
    "problem_topk_beta": 0.75,
    "problem_pairwise_b": 0.7288888888888889,
    "problem_pairwise_beta": 0.7037037037037038
  },
  "overall": {
    "windows": 930.0,
    "problem_share": 0.4978494623655914,
    "false_stepwise_share": 0.25483870967741934,
    "all_correct_top_b": 0.6494623655913978,
    "all_correct_top_beta": 0.6935483870967742,
    "all_topk_b": 0.5951612903225807,
    "all_topk_beta": 0.6876344086021505,
    "all_pairwise_b": 0.7758542413381123,
    "all_pairwise_beta": 0.8095221027479093,
    "problem_correct_top_b": 0.4794816414686825,
    "problem_correct_top_beta": 0.5075593952483801,
    "problem_topk_b": 0.37688984881209503,
    "problem_topk_beta": 0.4956803455723542,
    "problem_pairwise_b": 0.6253419726421887,
    "problem_pairwise_beta": 0.6843532517398608
  }
}