regime_accuracy,tool_accuracy,bad_window_recall,informative_retention
0.7258064516129032,0.9005376344086021,1.0,0.7951959544879899
