method,windows,support_size,true_lag_count,false_lag_count,hit_rate,false_lag_rate,no_model_share,coef_mae,coef_mae_true,false_coef_l1,sign_correct_share,validation_r2,validation_mae
elastic_net,216,5.226851851851852,1.0740740740740742,4.152777777777778,0.8981481481481481,0.597422138047138,0.0,0.28102907104940467,1.3006062785842227,1.384431937774994,0.8981481481481481,0.9975099280330264,0.00566976606809295
enter,216,7.819444444444445,1.2777777777777777,6.541666666666667,1.0,0.7633541098818876,0.0,0.3277186338673879,0.9587159088647179,2.4792287890208544,0.9907407407407407,0.41861737803651083,0.026865646877984473
lasso,216,1.3333333333333333,1.0740740740740742,0.25925925925925924,0.8981481481481481,0.11635802469135802,0.0,0.0838097731944486,0.3198232741753228,0.30004469394187877,0.8981481481481481,0.8865864352704987,0.0067123188963028125
ridge,216,8.921296296296296,1.125,7.796296296296297,0.9236111111111112,0.8478094436427769,0.0,0.3508403927485408,1.3962297625154287,2.058497058877069,1.0,0.94844298065193,0.02211602379452037
stepwise,216,3.1481481481481484,1.1944444444444444,1.9537037037037037,0.9583333333333334,0.21728862701084922,0.0,0.09903450784359281,0.4706968368377852,0.540210527219507,0.9583333333333334,0.9999895770011117,0.00011200401285564905
