{
  "elastic_net": {
    "windows": 216.0,
    "support_size": 5.226851851851852,
    "true_lag_count": 1.0740740740740742,
    "false_lag_count": 4.152777777777778,
    "hit_rate": 0.8981481481481481,
    "false_lag_rate": 0.597422138047138,
    "no_model_share": 0.0,
    "coef_mae": 0.28102907104940467,
    "coef_mae_true": 1.3006062785842227,
    "false_coef_l1": 1.384431937774994,
    "sign_correct_share": 0.8981481481481481,
    "validation_r2": 0.9975099280330264,
    "validation_mae": 0.00566976606809295
  },
  "enter": {
    "windows": 216.0,
    "support_size": 7.819444444444445,
    "true_lag_count": 1.2777777777777777,
    "false_lag_count": 6.541666666666667,
    "hit_rate": 1.0,
    "false_lag_rate": 0.7633541098818876,
    "no_model_share": 0.0,
    "coef_mae": 0.3277186338673879,
    "coef_mae_true": 0.9587159088647179,
    "false_coef_l1": 2.4792287890208544,
    "sign_correct_share": 0.9907407407407407,
    "validation_r2": 0.41861737803651083,
    "validation_mae": 0.026865646877984473
  },
  "lasso": {
    "windows": 216.0,
    "support_size": 1.3333333333333333,
    "true_lag_count": 1.0740740740740742,
    "false_lag_count": 0.25925925925925924,
    "hit_rate": 0.8981481481481481,
    "false_lag_rate": 0.11635802469135802,
    "no_model_share": 0.0,
    "coef_mae": 0.0838097731944486,
    "coef_mae_true": 0.3198232741753228,
    "false_coef_l1": 0.30004469394187877,
    "sign_correct_share": 0.8981481481481481,
    "validation_r2": 0.8865864352704987,
    "validation_mae": 0.0067123188963028125
  },
  "ridge": {
    "windows": 216.0,
    "support_size": 8.921296296296296,
    "true_lag_count": 1.125,
    "false_lag_count": 7.796296296296297,
    "hit_rate": 0.9236111111111112,
    "false_lag_rate": 0.8478094436427769,
    "no_model_share": 0.0,
    "coef_mae": 0.3508403927485408,
    "coef_mae_true": 1.3962297625154287,
    "false_coef_l1": 2.058497058877069,
    "sign_correct_share": 1.0,
    "validation_r2": 0.94844298065193,
    "validation_mae": 0.02211602379452037
  },
  "stepwise": {
    "windows": 216.0,
    "support_size": 3.1481481481481484,
    "true_lag_count": 1.1944444444444444,
    "false_lag_count": 1.9537037037037037,
    "hit_rate": 0.9583333333333334,
    "false_lag_rate": 0.21728862701084922,
    "no_model_share": 0.0,
    "coef_mae": 0.09903450784359281,
    "coef_mae_true": 0.4706968368377852,
    "false_coef_l1": 0.540210527219507,
    "sign_correct_share": 0.9583333333333334,
    "validation_r2": 0.9999895770011117,
    "validation_mae": 0.00011200401285564905
  }
}